peptide,score
SESSYTSEEAEESSTEST,0.92063
SEEAEETTSTATSSYEET,0.91639
SSYTETSSTTSEAEETES,0.91420
EATTSETSEASSETTEEA,0.91196
TEEATESESTSSYSSTES,0.91196
STSSETSEEASEETEATA,0.90967
SSTAETEESSTSSEETSS,0.90494
ETEATTEASSYEESSAEA,0.90494
ETSESTEAETSSEESFSA,0.90250
SSYTESSYESSEETSSAS,0.90001
AEEAEASTSESTTSETEF,0.90001
EETTSTAEEAETSSTTSE,0.90001
TESATSEAETSEETSTST,0.89746
ETSTAASEAESETEEATA,0.88951
ETTESETASEEASATTSE,0.88675
TEETESEAEESTAAFTTS,0.88675
STEASEEAETTEETAFST,0.88394
TTSASESEATSEAESETT,0.88394
SASEETTSSYEAEASSYT,0.87814
SESSEEFASESTETSTAA,0.87516
SSETSATSSTSESTTSEA,0.87516
STTESETAETETSTAASE,0.87212
STEASASAETETTSETTE,0.87212
SSYSASEASAETTSETEE,0.87212
EAEESAEASSEASAETST,0.86902
STTESSEASEAEEATAST,0.86902
EAEASESATESSETSATT,0.86902
EATTSTESSTTASESAEE,0.86902
STSASTTESETTSASTEA,0.86586
ESSYTTSAEEFASTSESE,0.86586
EASESASAEATESETSSA,0.86586
ESSASTEAESSTTASSET,0.86265
SSTTSAESEASTSTESSE,0.85937
SEAEEAEESSEAFTTFSS,0.85937
TSSEAAEATAEETTSEAA,0.85937
AESSESEATASSYASTES,0.85604
SSYASTSSYSEEFTATEE,0.85604
TLSEAEEESFFYSYSTYY,0.85604
EASESTASSTAAETETSE,0.85265
TEALSETEELTVYTYTSY,0.85265
EFFYVEEFETEVSTYYYY,0.85265
STASSTSSYETSEATSST,0.84919
ESSYSTEASTSSASSTTE,0.84919
ESSEAASAEASESTEASE,0.84919
EAALSESASSTTEATEEA,0.84919
TTSTSTEASTSETSSTAA,0.84919
SATSEATESTETSATSSY,0.84919
SESTSTEAALETTSEATS,0.84919
STSASSTASSTTSEEAET,0.84568
SSTTEASTSETASTTSSY,0.84568
TESEAAETEESEFAFTFE,0.84211
TASTSTEASSYSSTEAST,0.83478
SSYASTTSSAETSAETSA,0.83478
ETSTTVSTTASTETEAAL,0.83102
AEAEVAEEETSSTLEAAY,0.82720
SETTSSASEASTSAEASS,0.82720
EAEASSYASASEEASTAE,0.82332
ATEEEYYVSTVASSETVS,0.82332
TTSSYASEATSSYASTSE,0.82332
SEAASTATSEASEAEAST,0.81538
STSSFEYSTVSYYTVSSY,0.79877
ELTEETSYELTLSVYAFS,0.79877
SEAASETASSYSSASASS,0.79009
YLYSEASVATYESAAYSL,0.79009
ESYYYTTFLATVFTVEEV,0.78567
SATESASASESASTAA,0.77721
YFSTSSEAESLEFVTSLS,0.75304
TALSTTSAFVETESSASA,0.73821
SYSLTLLTSLEELESAAS,0.73821
SYVSFTETFAYLYYYAFL,0.73316
LLYSFEVVVFTSYEYETL,0.73316
TVTFEAYSLFFSYLEEAE,0.71769
ETLYFTYAAELVFEFEVF,0.71244
YYLEYLSYVAVASSSSAS,0.71244
SFYSYTYSFLYFSSYLFF,0.71244
TFYEYELLALFYYLVAET,0.71244
EFTFESLLVTFLYTLEYS,0.70178
SFTYELFATLAFSTTYSA,0.70178
FLYYYSTALESFFATVEE,0.70178
FTSTFVATAFYTLSSETE,0.68546
VTSTTALASYYLATTSVS,0.67436
YYLLFSSYVSYYFLLEFA,0.66875
VYLTAEEEVVVSVYVATV,0.65742
AETVAEVLSSTSASVTLY,0.65742
SFEEVSEYYAFFLFAFAL,0.65170
VFVYFYATEFAAYLTFEV,0.64017
LTTYSVYAFSLSVTATAV,0.63435
TSVVTTSLYSASVSFVYA,0.62851
FTSVTSSESFVFAVSLEA,0.62851
AEVSTFTVLVSEVFTVEY,0.62264
SASAAAFSEALSSAVSTS,0.62264
SSTSAFETLFTLVYTVVY,0.62264
VAEFTASAYYLFFTYLAS,0.62264
VVLELVYFFYEAFLESTA,0.62264
ATYVAEVYASYYLFFLVV,0.61083
SAESFSYLVVYYLVVYVY,0.60489
AVAALLYFVYYTAAEFYT,0.60489
STYFESLVVFTYASVLAY,0.60489
FLVLSYVFAAEASLEVEL,0.58695
FTFETFTVLATEVYVFFE,0.58695
AFFVLVFSLTYTATSLYL,0.54468
YFLLSYLTTFFVELAVAT,0.53862
YVVLTLFFAYSSVTVVYV,0.52649
EYSAFSAVSFFVFVLYVS,0.51439
ATVLSYFSFATASLAFFT,0.51439
